<?xml version="1.0" encoding="UTF-8"?>
<jcr:root xmlns:jcr="http://www.jcp.org/jcr/1.0" xmlns:nt="http://www.jcp.org/jcr/nt/1.0" xmlns:mix="http://www.jcp.org/jcr/mix/1.0" xmlns:cq="http://www.day.com/jcr/cq/1.0" xmlns:sling="http://sling.apache.org/jcr/sling/1.0"
    jcr:primaryType="cq:Page">
    <jcr:content
        cq:contextHubPath="/etc/cloudsettings/default/contexthub"
        cq:contextHubSegmentsPath="/etc/segmentation/contexthub"
        cq:lastModified="{Date}2023-08-24T04:13:34.446-03:00"
        cq:lastModifiedBy="admin"
        cq:template="/conf/verizon/settings/wcm/templates/page-content"
        jcr:isCheckedOut="{Boolean}true"
        jcr:mixinTypes="[mix:versionable]"
        jcr:primaryType="cq:PageContent"
        jcr:title="Tarifário"
        jcr:uuid="34441ceb-0f75-4d21-b29a-708c4487de04"
        sling:resourceType="verizon/components/page"
        pageTitle="Verizon"
        pwaCachestrategy="staleWhileRevalidate"
        pwaDisplay="standalone"
        pwaOrientation="any">
        <root
            jcr:primaryType="nt:unstructured"
            sling:resourceType="verizon/components/container"
            layout="responsiveGrid">
            <container
                jcr:primaryType="nt:unstructured"
                sling:resourceType="verizon/components/container">
                <title
                    jcr:primaryType="nt:unstructured"
                    sling:resourceType="verizon/components/title"/>
                <container
                    jcr:primaryType="nt:unstructured"
                    sling:resourceType="verizon/components/container"
                    layout="responsiveGrid">
                    <exemplo_multifield_c
                        jcr:created="{Date}2023-08-23T18:29:54.679-03:00"
                        jcr:createdBy="admin"
                        jcr:lastModified="{Date}2023-08-23T18:32:21.456-03:00"
                        jcr:lastModifiedBy="admin"
                        jcr:primaryType="nt:unstructured"
                        sling:resourceType="verizon/components/exemplo_multifield_com_htl_puro"
                        exemploName="exemplo 123">
                        <continents jcr:primaryType="nt:unstructured">
                            <item0 jcr:primaryType="nt:unstructured"/>
                        </continents>
                        <products jcr:primaryType="nt:unstructured">
                            <item0
                                jcr:primaryType="nt:unstructured"
                                exemploName="exemplo"
                                productName="j"/>
                        </products>
                    </exemplo_multifield_c>
                    <header
                        jcr:created="{Date}2023-08-23T23:01:48.210-03:00"
                        jcr:createdBy="admin"
                        jcr:lastModified="{Date}2023-08-23T23:02:17.127-03:00"
                        jcr:lastModifiedBy="admin"
                        jcr:primaryType="nt:unstructured"
                        sling:resourceType="verizon/custom_components/header"
                        aboutus="Sobre a Verizon"
                        help="Ajuda"
                        products="Produtos &amp; Serviços"
                        store="Loja Online"/>
                    <gradient
                        jcr:created="{Date}2023-08-23T23:03:05.942-03:00"
                        jcr:createdBy="admin"
                        jcr:lastModified="{Date}2023-08-23T23:08:06.442-03:00"
                        jcr:lastModifiedBy="admin"
                        jcr:primaryType="nt:unstructured"
                        sling:resourceType="verizon/custom_components/gradient"
                        button="Adesão a um tarifário"/>
                    <form
                        jcr:created="{Date}2023-08-24T03:38:08.903-03:00"
                        jcr:createdBy="admin"
                        jcr:lastModified="{Date}2023-08-24T03:38:08.903-03:00"
                        jcr:lastModifiedBy="admin"
                        jcr:primaryType="nt:unstructured"
                        sling:resourceType="verizon/custom_components/form"/>
                    <contact
                        jcr:created="{Date}2023-08-24T03:38:20.002-03:00"
                        jcr:createdBy="admin"
                        jcr:lastModified="{Date}2023-08-24T03:44:38.941-03:00"
                        jcr:lastModifiedBy="admin"
                        jcr:primaryType="nt:unstructured"
                        sling:resourceType="verizon/custom_components/contact"
                        email="true"
                        subtitle="Indique os seus contactos"
                        telefone="true"
                        telemovel="true"
                        title="Contactos"/>
                    <footer
                        jcr:created="{Date}2023-08-24T04:12:55.972-03:00"
                        jcr:createdBy="admin"
                        jcr:lastModified="{Date}2023-08-24T04:13:34.436-03:00"
                        jcr:lastModifiedBy="admin"
                        jcr:primaryType="nt:unstructured"
                        sling:resourceType="verizon/custom_components/footer"
                        firstType="button-secondary"
                        footerFirstButton="Voltar"
                        footerSecondButton="Continuar"
                        secondType="button-primary"/>
                </container>
            </container>
        </root>
        <image
            jcr:primaryType="nt:unstructured"
            fileReference="/content/dam/verizon/Logo-marca.png"/>
    </jcr:content>
</jcr:root>
